point_type,source,line,object,reviewed_exclusion
branch,l1_dcache_top.sv,136,if,none
line,l1_dcache_top.sv,394,case,unreachable_defensive_default
line,l1_dcache_top.sv,400,block,assertion_declaration_not_executable_rtl
line,l1_dcache_top.sv,406,block,assertion_declaration_not_executable_rtl
line,l1_dcache_top.sv,412,block,assertion_declaration_not_executable_rtl
line,l1_dcache_top.sv,418,block,assertion_declaration_not_executable_rtl
toggle,l1_dcache_top.sv,100,req_id_q[7],none
toggle,l1_dcache_top.sv,103,wb_addr_q[0],none
toggle,l1_dcache_top.sv,103,wb_addr_q[15],none
toggle,l1_dcache_top.sv,103,wb_addr_q[16],none
toggle,l1_dcache_top.sv,103,wb_addr_q[17],none
toggle,l1_dcache_top.sv,103,wb_addr_q[18],none
toggle,l1_dcache_top.sv,103,wb_addr_q[19],none
toggle,l1_dcache_top.sv,103,wb_addr_q[1],none
toggle,l1_dcache_top.sv,103,wb_addr_q[20],none
toggle,l1_dcache_top.sv,103,wb_addr_q[21],none
toggle,l1_dcache_top.sv,103,wb_addr_q[22],none
toggle,l1_dcache_top.sv,103,wb_addr_q[23],none
toggle,l1_dcache_top.sv,103,wb_addr_q[24],none
toggle,l1_dcache_top.sv,103,wb_addr_q[25],none
toggle,l1_dcache_top.sv,103,wb_addr_q[26],none
toggle,l1_dcache_top.sv,103,wb_addr_q[27],none
toggle,l1_dcache_top.sv,103,wb_addr_q[28],none
toggle,l1_dcache_top.sv,103,wb_addr_q[29],none
toggle,l1_dcache_top.sv,103,wb_addr_q[2],none
toggle,l1_dcache_top.sv,103,wb_addr_q[30],none
toggle,l1_dcache_top.sv,103,wb_addr_q[31],none
toggle,l1_dcache_top.sv,103,wb_addr_q[3],none
toggle,l1_dcache_top.sv,103,wb_addr_q[4],none
toggle,l1_dcache_top.sv,113,req_tag[10],none
toggle,l1_dcache_top.sv,113,req_tag[11],none
toggle,l1_dcache_top.sv,113,req_tag[12],none
toggle,l1_dcache_top.sv,113,req_tag[13],none
toggle,l1_dcache_top.sv,113,req_tag[14],none
toggle,l1_dcache_top.sv,113,req_tag[15],none
toggle,l1_dcache_top.sv,113,req_tag[16],none
toggle,l1_dcache_top.sv,113,req_tag[17],none
toggle,l1_dcache_top.sv,113,req_tag[18],none
toggle,l1_dcache_top.sv,113,req_tag[19],none
toggle,l1_dcache_top.sv,113,req_tag[20],none
toggle,l1_dcache_top.sv,113,req_tag[5],none
toggle,l1_dcache_top.sv,113,req_tag[6],none
toggle,l1_dcache_top.sv,113,req_tag[7],none
toggle,l1_dcache_top.sv,113,req_tag[8],none
toggle,l1_dcache_top.sv,113,req_tag[9],none
toggle,l1_dcache_top.sv,12,cpu_req_addr[16],none
toggle,l1_dcache_top.sv,12,cpu_req_addr[17],none
toggle,l1_dcache_top.sv,12,cpu_req_addr[18],none
toggle,l1_dcache_top.sv,12,cpu_req_addr[19],none
toggle,l1_dcache_top.sv,12,cpu_req_addr[1],none
toggle,l1_dcache_top.sv,12,cpu_req_addr[20],none
toggle,l1_dcache_top.sv,12,cpu_req_addr[21],none
toggle,l1_dcache_top.sv,12,cpu_req_addr[22],none
toggle,l1_dcache_top.sv,12,cpu_req_addr[23],none
toggle,l1_dcache_top.sv,12,cpu_req_addr[24],none
toggle,l1_dcache_top.sv,12,cpu_req_addr[25],none
toggle,l1_dcache_top.sv,12,cpu_req_addr[26],none
toggle,l1_dcache_top.sv,12,cpu_req_addr[27],none
toggle,l1_dcache_top.sv,12,cpu_req_addr[28],none
toggle,l1_dcache_top.sv,12,cpu_req_addr[29],none
toggle,l1_dcache_top.sv,12,cpu_req_addr[30],none
toggle,l1_dcache_top.sv,12,cpu_req_addr[31],none
toggle,l1_dcache_top.sv,157,active_victim_tag[10],none
toggle,l1_dcache_top.sv,157,active_victim_tag[11],none
toggle,l1_dcache_top.sv,157,active_victim_tag[12],none
toggle,l1_dcache_top.sv,157,active_victim_tag[13],none
toggle,l1_dcache_top.sv,157,active_victim_tag[14],none
toggle,l1_dcache_top.sv,157,active_victim_tag[15],none
toggle,l1_dcache_top.sv,157,active_victim_tag[16],none
toggle,l1_dcache_top.sv,157,active_victim_tag[17],none
toggle,l1_dcache_top.sv,157,active_victim_tag[18],none
toggle,l1_dcache_top.sv,157,active_victim_tag[19],none
toggle,l1_dcache_top.sv,157,active_victim_tag[20],none
toggle,l1_dcache_top.sv,157,active_victim_tag[5],none
toggle,l1_dcache_top.sv,157,active_victim_tag[6],none
toggle,l1_dcache_top.sv,157,active_victim_tag[7],none
toggle,l1_dcache_top.sv,157,active_victim_tag[8],none
toggle,l1_dcache_top.sv,157,active_victim_tag[9],none
toggle,l1_dcache_top.sv,16,cpu_req_size[0],none
toggle,l1_dcache_top.sv,16,cpu_req_size[2],none
toggle,l1_dcache_top.sv,17,cpu_req_id[7],none
toggle,l1_dcache_top.sv,22,cpu_rsp_id[7],none
toggle,l1_dcache_top.sv,32,m_axi_awaddr[0],none
toggle,l1_dcache_top.sv,32,m_axi_awaddr[15],none
toggle,l1_dcache_top.sv,32,m_axi_awaddr[16],none
toggle,l1_dcache_top.sv,32,m_axi_awaddr[17],none
toggle,l1_dcache_top.sv,32,m_axi_awaddr[18],none
toggle,l1_dcache_top.sv,32,m_axi_awaddr[19],none
toggle,l1_dcache_top.sv,32,m_axi_awaddr[1],none
toggle,l1_dcache_top.sv,32,m_axi_awaddr[20],none
toggle,l1_dcache_top.sv,32,m_axi_awaddr[21],none
toggle,l1_dcache_top.sv,32,m_axi_awaddr[22],none
toggle,l1_dcache_top.sv,32,m_axi_awaddr[23],none
toggle,l1_dcache_top.sv,32,m_axi_awaddr[24],none
toggle,l1_dcache_top.sv,32,m_axi_awaddr[25],none
toggle,l1_dcache_top.sv,32,m_axi_awaddr[26],none
toggle,l1_dcache_top.sv,32,m_axi_awaddr[27],none
toggle,l1_dcache_top.sv,32,m_axi_awaddr[28],none
toggle,l1_dcache_top.sv,32,m_axi_awaddr[29],none
toggle,l1_dcache_top.sv,32,m_axi_awaddr[2],none
toggle,l1_dcache_top.sv,32,m_axi_awaddr[30],none
toggle,l1_dcache_top.sv,32,m_axi_awaddr[31],none
toggle,l1_dcache_top.sv,32,m_axi_awaddr[3],none
toggle,l1_dcache_top.sv,32,m_axi_awaddr[4],none
toggle,l1_dcache_top.sv,33,m_axi_awlen[2],none
toggle,l1_dcache_top.sv,33,m_axi_awlen[3],none
toggle,l1_dcache_top.sv,33,m_axi_awlen[4],none
toggle,l1_dcache_top.sv,33,m_axi_awlen[5],none
toggle,l1_dcache_top.sv,33,m_axi_awlen[6],none
toggle,l1_dcache_top.sv,33,m_axi_awlen[7],none
toggle,l1_dcache_top.sv,34,m_axi_awsize[2],none
toggle,l1_dcache_top.sv,35,m_axi_awburst[1],none
toggle,l1_dcache_top.sv,43,m_axi_bresp[0],none
toggle,l1_dcache_top.sv,47,m_axi_araddr[0],none
toggle,l1_dcache_top.sv,47,m_axi_araddr[16],none
toggle,l1_dcache_top.sv,47,m_axi_araddr[17],none
toggle,l1_dcache_top.sv,47,m_axi_araddr[18],none
toggle,l1_dcache_top.sv,47,m_axi_araddr[19],none
toggle,l1_dcache_top.sv,47,m_axi_araddr[1],none
toggle,l1_dcache_top.sv,47,m_axi_araddr[20],none
toggle,l1_dcache_top.sv,47,m_axi_araddr[21],none
toggle,l1_dcache_top.sv,47,m_axi_araddr[22],none
toggle,l1_dcache_top.sv,47,m_axi_araddr[23],none
toggle,l1_dcache_top.sv,47,m_axi_araddr[24],none
toggle,l1_dcache_top.sv,47,m_axi_araddr[25],none
toggle,l1_dcache_top.sv,47,m_axi_araddr[26],none
toggle,l1_dcache_top.sv,47,m_axi_araddr[27],none
toggle,l1_dcache_top.sv,47,m_axi_araddr[28],none
toggle,l1_dcache_top.sv,47,m_axi_araddr[29],none
toggle,l1_dcache_top.sv,47,m_axi_araddr[2],none
toggle,l1_dcache_top.sv,47,m_axi_araddr[30],none
toggle,l1_dcache_top.sv,47,m_axi_araddr[31],none
toggle,l1_dcache_top.sv,47,m_axi_araddr[3],none
toggle,l1_dcache_top.sv,47,m_axi_araddr[4],none
toggle,l1_dcache_top.sv,48,m_axi_arlen[2],none
toggle,l1_dcache_top.sv,48,m_axi_arlen[3],none
toggle,l1_dcache_top.sv,48,m_axi_arlen[4],none
toggle,l1_dcache_top.sv,48,m_axi_arlen[5],none
toggle,l1_dcache_top.sv,48,m_axi_arlen[6],none
toggle,l1_dcache_top.sv,48,m_axi_arlen[7],none
toggle,l1_dcache_top.sv,49,m_axi_arsize[2],none
toggle,l1_dcache_top.sv,50,m_axi_arburst[1],none
toggle,l1_dcache_top.sv,53,m_axi_rdata[0],none
toggle,l1_dcache_top.sv,53,m_axi_rdata[15],none
toggle,l1_dcache_top.sv,53,m_axi_rdata[16],none
toggle,l1_dcache_top.sv,53,m_axi_rdata[17],none
toggle,l1_dcache_top.sv,53,m_axi_rdata[19],none
toggle,l1_dcache_top.sv,53,m_axi_rdata[22],none
toggle,l1_dcache_top.sv,53,m_axi_rdata[23],none
toggle,l1_dcache_top.sv,53,m_axi_rdata[24],none
toggle,l1_dcache_top.sv,53,m_axi_rdata[26],none
toggle,l1_dcache_top.sv,53,m_axi_rdata[27],none
toggle,l1_dcache_top.sv,53,m_axi_rdata[29],none
toggle,l1_dcache_top.sv,53,m_axi_rdata[30],none
toggle,l1_dcache_top.sv,53,m_axi_rdata[31],none
toggle,l1_dcache_top.sv,53,m_axi_rdata[46],none
toggle,l1_dcache_top.sv,53,m_axi_rdata[47],none
toggle,l1_dcache_top.sv,53,m_axi_rdata[48],none
toggle,l1_dcache_top.sv,53,m_axi_rdata[49],none
toggle,l1_dcache_top.sv,53,m_axi_rdata[50],none
toggle,l1_dcache_top.sv,53,m_axi_rdata[51],none
toggle,l1_dcache_top.sv,53,m_axi_rdata[52],none
toggle,l1_dcache_top.sv,53,m_axi_rdata[53],none
toggle,l1_dcache_top.sv,53,m_axi_rdata[54],none
toggle,l1_dcache_top.sv,53,m_axi_rdata[55],none
toggle,l1_dcache_top.sv,53,m_axi_rdata[56],none
toggle,l1_dcache_top.sv,53,m_axi_rdata[57],none
toggle,l1_dcache_top.sv,53,m_axi_rdata[58],none
toggle,l1_dcache_top.sv,53,m_axi_rdata[59],none
toggle,l1_dcache_top.sv,53,m_axi_rdata[61],none
toggle,l1_dcache_top.sv,53,m_axi_rdata[62],none
toggle,l1_dcache_top.sv,53,m_axi_rdata[63],none
toggle,l1_dcache_top.sv,54,m_axi_rresp[0],none
toggle,l1_dcache_top.sv,59,mon_state[4],none
toggle,l1_dcache_top.sv,87,state[4],none
toggle,l1_dcache_top.sv,89,valid_bits[0][10],none
toggle,l1_dcache_top.sv,89,valid_bits[0][1],none
toggle,l1_dcache_top.sv,89,valid_bits[0][30],none
toggle,l1_dcache_top.sv,89,valid_bits[0][3],none
toggle,l1_dcache_top.sv,89,valid_bits[0][45],none
toggle,l1_dcache_top.sv,89,valid_bits[0][4],none
toggle,l1_dcache_top.sv,89,valid_bits[0][51],none
toggle,l1_dcache_top.sv,89,valid_bits[0][52],none
toggle,l1_dcache_top.sv,89,valid_bits[0][56],none
toggle,l1_dcache_top.sv,89,valid_bits[0][60],none
toggle,l1_dcache_top.sv,89,valid_bits[0][62],none
toggle,l1_dcache_top.sv,89,valid_bits[0][6],none
toggle,l1_dcache_top.sv,89,valid_bits[0][7],none
toggle,l1_dcache_top.sv,89,valid_bits[1][10],none
toggle,l1_dcache_top.sv,89,valid_bits[1][14],none
toggle,l1_dcache_top.sv,89,valid_bits[1][15],none
toggle,l1_dcache_top.sv,89,valid_bits[1][19],none
toggle,l1_dcache_top.sv,89,valid_bits[1][1],none
toggle,l1_dcache_top.sv,89,valid_bits[1][21],none
toggle,l1_dcache_top.sv,89,valid_bits[1][24],none
toggle,l1_dcache_top.sv,89,valid_bits[1][26],none
toggle,l1_dcache_top.sv,89,valid_bits[1][27],none
toggle,l1_dcache_top.sv,89,valid_bits[1][30],none
toggle,l1_dcache_top.sv,89,valid_bits[1][32],none
toggle,l1_dcache_top.sv,89,valid_bits[1][33],none
toggle,l1_dcache_top.sv,89,valid_bits[1][34],none
toggle,l1_dcache_top.sv,89,valid_bits[1][35],none
toggle,l1_dcache_top.sv,89,valid_bits[1][38],none
toggle,l1_dcache_top.sv,89,valid_bits[1][39],none
toggle,l1_dcache_top.sv,89,valid_bits[1][3],none
toggle,l1_dcache_top.sv,89,valid_bits[1][40],none
toggle,l1_dcache_top.sv,89,valid_bits[1][41],none
toggle,l1_dcache_top.sv,89,valid_bits[1][43],none
toggle,l1_dcache_top.sv,89,valid_bits[1][45],none
toggle,l1_dcache_top.sv,89,valid_bits[1][46],none
toggle,l1_dcache_top.sv,89,valid_bits[1][4],none
toggle,l1_dcache_top.sv,89,valid_bits[1][51],none
toggle,l1_dcache_top.sv,89,valid_bits[1][52],none
toggle,l1_dcache_top.sv,89,valid_bits[1][53],none
toggle,l1_dcache_top.sv,89,valid_bits[1][56],none
toggle,l1_dcache_top.sv,89,valid_bits[1][58],none
toggle,l1_dcache_top.sv,89,valid_bits[1][60],none
toggle,l1_dcache_top.sv,89,valid_bits[1][61],none
toggle,l1_dcache_top.sv,89,valid_bits[1][62],none
toggle,l1_dcache_top.sv,89,valid_bits[1][6],none
toggle,l1_dcache_top.sv,89,valid_bits[1][7],none
toggle,l1_dcache_top.sv,90,dirty_bits[0][10],none
toggle,l1_dcache_top.sv,90,dirty_bits[0][15],none
toggle,l1_dcache_top.sv,90,dirty_bits[0][18],none
toggle,l1_dcache_top.sv,90,dirty_bits[0][19],none
toggle,l1_dcache_top.sv,90,dirty_bits[0][1],none
toggle,l1_dcache_top.sv,90,dirty_bits[0][21],none
toggle,l1_dcache_top.sv,90,dirty_bits[0][23],none
toggle,l1_dcache_top.sv,90,dirty_bits[0][24],none
toggle,l1_dcache_top.sv,90,dirty_bits[0][27],none
toggle,l1_dcache_top.sv,90,dirty_bits[0][29],none
toggle,l1_dcache_top.sv,90,dirty_bits[0][2],none
toggle,l1_dcache_top.sv,90,dirty_bits[0][30],none
toggle,l1_dcache_top.sv,90,dirty_bits[0][31],none
toggle,l1_dcache_top.sv,90,dirty_bits[0][35],none
toggle,l1_dcache_top.sv,90,dirty_bits[0][38],none
toggle,l1_dcache_top.sv,90,dirty_bits[0][3],none
toggle,l1_dcache_top.sv,90,dirty_bits[0][40],none
toggle,l1_dcache_top.sv,90,dirty_bits[0][41],none
toggle,l1_dcache_top.sv,90,dirty_bits[0][43],none
toggle,l1_dcache_top.sv,90,dirty_bits[0][44],none
toggle,l1_dcache_top.sv,90,dirty_bits[0][45],none
toggle,l1_dcache_top.sv,90,dirty_bits[0][47],none
toggle,l1_dcache_top.sv,90,dirty_bits[0][4],none
toggle,l1_dcache_top.sv,90,dirty_bits[0][50],none
toggle,l1_dcache_top.sv,90,dirty_bits[0][51],none
toggle,l1_dcache_top.sv,90,dirty_bits[0][52],none
toggle,l1_dcache_top.sv,90,dirty_bits[0][53],none
toggle,l1_dcache_top.sv,90,dirty_bits[0][55],none
toggle,l1_dcache_top.sv,90,dirty_bits[0][56],none
toggle,l1_dcache_top.sv,90,dirty_bits[0][57],none
toggle,l1_dcache_top.sv,90,dirty_bits[0][58],none
toggle,l1_dcache_top.sv,90,dirty_bits[0][60],none
toggle,l1_dcache_top.sv,90,dirty_bits[0][62],none
toggle,l1_dcache_top.sv,90,dirty_bits[0][6],none
toggle,l1_dcache_top.sv,90,dirty_bits[0][7],none
toggle,l1_dcache_top.sv,90,dirty_bits[0][8],none
toggle,l1_dcache_top.sv,90,dirty_bits[1][10],none
toggle,l1_dcache_top.sv,90,dirty_bits[1][12],none
toggle,l1_dcache_top.sv,90,dirty_bits[1][13],none
toggle,l1_dcache_top.sv,90,dirty_bits[1][14],none
toggle,l1_dcache_top.sv,90,dirty_bits[1][15],none
toggle,l1_dcache_top.sv,90,dirty_bits[1][18],none
toggle,l1_dcache_top.sv,90,dirty_bits[1][19],none
toggle,l1_dcache_top.sv,90,dirty_bits[1][1],none
toggle,l1_dcache_top.sv,90,dirty_bits[1][21],none
toggle,l1_dcache_top.sv,90,dirty_bits[1][22],none
toggle,l1_dcache_top.sv,90,dirty_bits[1][23],none
toggle,l1_dcache_top.sv,90,dirty_bits[1][24],none
toggle,l1_dcache_top.sv,90,dirty_bits[1][26],none
toggle,l1_dcache_top.sv,90,dirty_bits[1][27],none
toggle,l1_dcache_top.sv,90,dirty_bits[1][28],none
toggle,l1_dcache_top.sv,90,dirty_bits[1][2],none
toggle,l1_dcache_top.sv,90,dirty_bits[1][30],none
toggle,l1_dcache_top.sv,90,dirty_bits[1][32],none
toggle,l1_dcache_top.sv,90,dirty_bits[1][33],none
toggle,l1_dcache_top.sv,90,dirty_bits[1][34],none
toggle,l1_dcache_top.sv,90,dirty_bits[1][35],none
toggle,l1_dcache_top.sv,90,dirty_bits[1][37],none
toggle,l1_dcache_top.sv,90,dirty_bits[1][38],none
toggle,l1_dcache_top.sv,90,dirty_bits[1][39],none
toggle,l1_dcache_top.sv,90,dirty_bits[1][3],none
toggle,l1_dcache_top.sv,90,dirty_bits[1][40],none
toggle,l1_dcache_top.sv,90,dirty_bits[1][41],none
toggle,l1_dcache_top.sv,90,dirty_bits[1][42],none
toggle,l1_dcache_top.sv,90,dirty_bits[1][43],none
toggle,l1_dcache_top.sv,90,dirty_bits[1][44],none
toggle,l1_dcache_top.sv,90,dirty_bits[1][45],none
toggle,l1_dcache_top.sv,90,dirty_bits[1][46],none
toggle,l1_dcache_top.sv,90,dirty_bits[1][47],none
toggle,l1_dcache_top.sv,90,dirty_bits[1][48],none
toggle,l1_dcache_top.sv,90,dirty_bits[1][4],none
toggle,l1_dcache_top.sv,90,dirty_bits[1][50],none
toggle,l1_dcache_top.sv,90,dirty_bits[1][51],none
toggle,l1_dcache_top.sv,90,dirty_bits[1][52],none
toggle,l1_dcache_top.sv,90,dirty_bits[1][53],none
toggle,l1_dcache_top.sv,90,dirty_bits[1][55],none
toggle,l1_dcache_top.sv,90,dirty_bits[1][56],none
toggle,l1_dcache_top.sv,90,dirty_bits[1][57],none
toggle,l1_dcache_top.sv,90,dirty_bits[1][58],none
toggle,l1_dcache_top.sv,90,dirty_bits[1][60],none
toggle,l1_dcache_top.sv,90,dirty_bits[1][61],none
toggle,l1_dcache_top.sv,90,dirty_bits[1][62],none
toggle,l1_dcache_top.sv,90,dirty_bits[1][6],none
toggle,l1_dcache_top.sv,90,dirty_bits[1][7],none
toggle,l1_dcache_top.sv,93,lru[10],none
toggle,l1_dcache_top.sv,93,lru[1],none
toggle,l1_dcache_top.sv,93,lru[30],none
toggle,l1_dcache_top.sv,93,lru[3],none
toggle,l1_dcache_top.sv,93,lru[45],none
toggle,l1_dcache_top.sv,93,lru[4],none
toggle,l1_dcache_top.sv,93,lru[51],none
toggle,l1_dcache_top.sv,93,lru[52],none
toggle,l1_dcache_top.sv,93,lru[56],none
toggle,l1_dcache_top.sv,93,lru[60],none
toggle,l1_dcache_top.sv,93,lru[62],none
toggle,l1_dcache_top.sv,93,lru[6],none
toggle,l1_dcache_top.sv,93,lru[7],none
toggle,l1_dcache_top.sv,94,refill_buf[0][0],memory_array_bit_toggle
toggle,l1_dcache_top.sv,94,refill_buf[0][15],memory_array_bit_toggle
toggle,l1_dcache_top.sv,94,refill_buf[0][16],memory_array_bit_toggle
toggle,l1_dcache_top.sv,94,refill_buf[0][17],memory_array_bit_toggle
toggle,l1_dcache_top.sv,94,refill_buf[0][19],memory_array_bit_toggle
toggle,l1_dcache_top.sv,94,refill_buf[0][1],memory_array_bit_toggle
toggle,l1_dcache_top.sv,94,refill_buf[0][22],memory_array_bit_toggle
toggle,l1_dcache_top.sv,94,refill_buf[0][23],memory_array_bit_toggle
toggle,l1_dcache_top.sv,94,refill_buf[0][24],memory_array_bit_toggle
toggle,l1_dcache_top.sv,94,refill_buf[0][26],memory_array_bit_toggle
toggle,l1_dcache_top.sv,94,refill_buf[0][27],memory_array_bit_toggle
toggle,l1_dcache_top.sv,94,refill_buf[0][29],memory_array_bit_toggle
toggle,l1_dcache_top.sv,94,refill_buf[0][2],memory_array_bit_toggle
toggle,l1_dcache_top.sv,94,refill_buf[0][30],memory_array_bit_toggle
toggle,l1_dcache_top.sv,94,refill_buf[0][31],memory_array_bit_toggle
toggle,l1_dcache_top.sv,94,refill_buf[1][14],memory_array_bit_toggle
toggle,l1_dcache_top.sv,94,refill_buf[1][15],memory_array_bit_toggle
toggle,l1_dcache_top.sv,94,refill_buf[1][16],memory_array_bit_toggle
toggle,l1_dcache_top.sv,94,refill_buf[1][17],memory_array_bit_toggle
toggle,l1_dcache_top.sv,94,refill_buf[1][18],memory_array_bit_toggle
toggle,l1_dcache_top.sv,94,refill_buf[1][19],memory_array_bit_toggle
toggle,l1_dcache_top.sv,94,refill_buf[1][1],memory_array_bit_toggle
toggle,l1_dcache_top.sv,94,refill_buf[1][20],memory_array_bit_toggle
toggle,l1_dcache_top.sv,94,refill_buf[1][21],memory_array_bit_toggle
toggle,l1_dcache_top.sv,94,refill_buf[1][22],memory_array_bit_toggle
toggle,l1_dcache_top.sv,94,refill_buf[1][23],memory_array_bit_toggle
toggle,l1_dcache_top.sv,94,refill_buf[1][24],memory_array_bit_toggle
toggle,l1_dcache_top.sv,94,refill_buf[1][25],memory_array_bit_toggle
toggle,l1_dcache_top.sv,94,refill_buf[1][26],memory_array_bit_toggle
toggle,l1_dcache_top.sv,94,refill_buf[1][27],memory_array_bit_toggle
toggle,l1_dcache_top.sv,94,refill_buf[1][29],memory_array_bit_toggle
toggle,l1_dcache_top.sv,94,refill_buf[1][2],memory_array_bit_toggle
toggle,l1_dcache_top.sv,94,refill_buf[1][30],memory_array_bit_toggle
toggle,l1_dcache_top.sv,94,refill_buf[1][31],memory_array_bit_toggle
toggle,l1_dcache_top.sv,94,refill_buf[2][0],memory_array_bit_toggle
toggle,l1_dcache_top.sv,94,refill_buf[2][14],memory_array_bit_toggle
toggle,l1_dcache_top.sv,94,refill_buf[2][15],memory_array_bit_toggle
toggle,l1_dcache_top.sv,94,refill_buf[2][16],memory_array_bit_toggle
toggle,l1_dcache_top.sv,94,refill_buf[2][17],memory_array_bit_toggle
toggle,l1_dcache_top.sv,94,refill_buf[2][18],memory_array_bit_toggle
toggle,l1_dcache_top.sv,94,refill_buf[2][19],memory_array_bit_toggle
toggle,l1_dcache_top.sv,94,refill_buf[2][20],memory_array_bit_toggle
toggle,l1_dcache_top.sv,94,refill_buf[2][21],memory_array_bit_toggle
toggle,l1_dcache_top.sv,94,refill_buf[2][22],memory_array_bit_toggle
toggle,l1_dcache_top.sv,94,refill_buf[2][23],memory_array_bit_toggle
toggle,l1_dcache_top.sv,94,refill_buf[2][24],memory_array_bit_toggle
toggle,l1_dcache_top.sv,94,refill_buf[2][25],memory_array_bit_toggle
toggle,l1_dcache_top.sv,94,refill_buf[2][26],memory_array_bit_toggle
toggle,l1_dcache_top.sv,94,refill_buf[2][27],memory_array_bit_toggle
toggle,l1_dcache_top.sv,94,refill_buf[2][29],memory_array_bit_toggle
toggle,l1_dcache_top.sv,94,refill_buf[2][2],memory_array_bit_toggle
toggle,l1_dcache_top.sv,94,refill_buf[2][30],memory_array_bit_toggle
toggle,l1_dcache_top.sv,94,refill_buf[2][31],memory_array_bit_toggle
toggle,l1_dcache_top.sv,94,refill_buf[3][14],memory_array_bit_toggle
toggle,l1_dcache_top.sv,94,refill_buf[3][15],memory_array_bit_toggle
toggle,l1_dcache_top.sv,94,refill_buf[3][16],memory_array_bit_toggle
toggle,l1_dcache_top.sv,94,refill_buf[3][17],memory_array_bit_toggle
toggle,l1_dcache_top.sv,94,refill_buf[3][18],memory_array_bit_toggle
toggle,l1_dcache_top.sv,94,refill_buf[3][19],memory_array_bit_toggle
toggle,l1_dcache_top.sv,94,refill_buf[3][20],memory_array_bit_toggle
toggle,l1_dcache_top.sv,94,refill_buf[3][21],memory_array_bit_toggle
toggle,l1_dcache_top.sv,94,refill_buf[3][22],memory_array_bit_toggle
toggle,l1_dcache_top.sv,94,refill_buf[3][23],memory_array_bit_toggle
toggle,l1_dcache_top.sv,94,refill_buf[3][24],memory_array_bit_toggle
toggle,l1_dcache_top.sv,94,refill_buf[3][25],memory_array_bit_toggle
toggle,l1_dcache_top.sv,94,refill_buf[3][26],memory_array_bit_toggle
toggle,l1_dcache_top.sv,94,refill_buf[3][27],memory_array_bit_toggle
toggle,l1_dcache_top.sv,94,refill_buf[3][29],memory_array_bit_toggle
toggle,l1_dcache_top.sv,94,refill_buf[3][2],memory_array_bit_toggle
toggle,l1_dcache_top.sv,94,refill_buf[3][30],memory_array_bit_toggle
toggle,l1_dcache_top.sv,94,refill_buf[3][31],memory_array_bit_toggle
toggle,l1_dcache_top.sv,94,refill_buf[4][0],memory_array_bit_toggle
toggle,l1_dcache_top.sv,94,refill_buf[4][14],memory_array_bit_toggle
toggle,l1_dcache_top.sv,94,refill_buf[4][15],memory_array_bit_toggle
toggle,l1_dcache_top.sv,94,refill_buf[4][16],memory_array_bit_toggle
toggle,l1_dcache_top.sv,94,refill_buf[4][17],memory_array_bit_toggle
toggle,l1_dcache_top.sv,94,refill_buf[4][18],memory_array_bit_toggle
toggle,l1_dcache_top.sv,94,refill_buf[4][19],memory_array_bit_toggle
toggle,l1_dcache_top.sv,94,refill_buf[4][1],memory_array_bit_toggle
toggle,l1_dcache_top.sv,94,refill_buf[4][20],memory_array_bit_toggle
toggle,l1_dcache_top.sv,94,refill_buf[4][21],memory_array_bit_toggle
toggle,l1_dcache_top.sv,94,refill_buf[4][22],memory_array_bit_toggle
toggle,l1_dcache_top.sv,94,refill_buf[4][23],memory_array_bit_toggle
toggle,l1_dcache_top.sv,94,refill_buf[4][24],memory_array_bit_toggle
toggle,l1_dcache_top.sv,94,refill_buf[4][25],memory_array_bit_toggle
toggle,l1_dcache_top.sv,94,refill_buf[4][26],memory_array_bit_toggle
toggle,l1_dcache_top.sv,94,refill_buf[4][27],memory_array_bit_toggle
toggle,l1_dcache_top.sv,94,refill_buf[4][29],memory_array_bit_toggle
toggle,l1_dcache_top.sv,94,refill_buf[4][30],memory_array_bit_toggle
toggle,l1_dcache_top.sv,94,refill_buf[4][31],memory_array_bit_toggle
toggle,l1_dcache_top.sv,94,refill_buf[5][14],memory_array_bit_toggle
toggle,l1_dcache_top.sv,94,refill_buf[5][15],memory_array_bit_toggle
toggle,l1_dcache_top.sv,94,refill_buf[5][16],memory_array_bit_toggle
toggle,l1_dcache_top.sv,94,refill_buf[5][17],memory_array_bit_toggle
toggle,l1_dcache_top.sv,94,refill_buf[5][18],memory_array_bit_toggle
toggle,l1_dcache_top.sv,94,refill_buf[5][19],memory_array_bit_toggle
toggle,l1_dcache_top.sv,94,refill_buf[5][1],memory_array_bit_toggle
toggle,l1_dcache_top.sv,94,refill_buf[5][20],memory_array_bit_toggle
toggle,l1_dcache_top.sv,94,refill_buf[5][21],memory_array_bit_toggle
toggle,l1_dcache_top.sv,94,refill_buf[5][22],memory_array_bit_toggle
toggle,l1_dcache_top.sv,94,refill_buf[5][23],memory_array_bit_toggle
toggle,l1_dcache_top.sv,94,refill_buf[5][24],memory_array_bit_toggle
toggle,l1_dcache_top.sv,94,refill_buf[5][25],memory_array_bit_toggle
toggle,l1_dcache_top.sv,94,refill_buf[5][26],memory_array_bit_toggle
toggle,l1_dcache_top.sv,94,refill_buf[5][27],memory_array_bit_toggle
toggle,l1_dcache_top.sv,94,refill_buf[5][29],memory_array_bit_toggle
toggle,l1_dcache_top.sv,94,refill_buf[5][30],memory_array_bit_toggle
toggle,l1_dcache_top.sv,94,refill_buf[5][31],memory_array_bit_toggle
toggle,l1_dcache_top.sv,94,refill_buf[6][0],memory_array_bit_toggle
toggle,l1_dcache_top.sv,94,refill_buf[6][14],memory_array_bit_toggle
toggle,l1_dcache_top.sv,94,refill_buf[6][15],memory_array_bit_toggle
toggle,l1_dcache_top.sv,94,refill_buf[6][16],memory_array_bit_toggle
toggle,l1_dcache_top.sv,94,refill_buf[6][17],memory_array_bit_toggle
toggle,l1_dcache_top.sv,94,refill_buf[6][18],memory_array_bit_toggle
toggle,l1_dcache_top.sv,94,refill_buf[6][19],memory_array_bit_toggle
toggle,l1_dcache_top.sv,94,refill_buf[6][20],memory_array_bit_toggle
toggle,l1_dcache_top.sv,94,refill_buf[6][21],memory_array_bit_toggle
toggle,l1_dcache_top.sv,94,refill_buf[6][22],memory_array_bit_toggle
toggle,l1_dcache_top.sv,94,refill_buf[6][23],memory_array_bit_toggle
toggle,l1_dcache_top.sv,94,refill_buf[6][24],memory_array_bit_toggle
toggle,l1_dcache_top.sv,94,refill_buf[6][25],memory_array_bit_toggle
toggle,l1_dcache_top.sv,94,refill_buf[6][26],memory_array_bit_toggle
toggle,l1_dcache_top.sv,94,refill_buf[6][27],memory_array_bit_toggle
toggle,l1_dcache_top.sv,94,refill_buf[6][29],memory_array_bit_toggle
toggle,l1_dcache_top.sv,94,refill_buf[6][30],memory_array_bit_toggle
toggle,l1_dcache_top.sv,94,refill_buf[6][31],memory_array_bit_toggle
toggle,l1_dcache_top.sv,94,refill_buf[7][14],memory_array_bit_toggle
toggle,l1_dcache_top.sv,94,refill_buf[7][15],memory_array_bit_toggle
toggle,l1_dcache_top.sv,94,refill_buf[7][16],memory_array_bit_toggle
toggle,l1_dcache_top.sv,94,refill_buf[7][17],memory_array_bit_toggle
toggle,l1_dcache_top.sv,94,refill_buf[7][18],memory_array_bit_toggle
toggle,l1_dcache_top.sv,94,refill_buf[7][19],memory_array_bit_toggle
toggle,l1_dcache_top.sv,94,refill_buf[7][20],memory_array_bit_toggle
toggle,l1_dcache_top.sv,94,refill_buf[7][21],memory_array_bit_toggle
toggle,l1_dcache_top.sv,94,refill_buf[7][22],memory_array_bit_toggle
toggle,l1_dcache_top.sv,94,refill_buf[7][23],memory_array_bit_toggle
toggle,l1_dcache_top.sv,94,refill_buf[7][24],memory_array_bit_toggle
toggle,l1_dcache_top.sv,94,refill_buf[7][25],memory_array_bit_toggle
toggle,l1_dcache_top.sv,94,refill_buf[7][26],memory_array_bit_toggle
toggle,l1_dcache_top.sv,94,refill_buf[7][27],memory_array_bit_toggle
toggle,l1_dcache_top.sv,94,refill_buf[7][29],memory_array_bit_toggle
toggle,l1_dcache_top.sv,94,refill_buf[7][30],memory_array_bit_toggle
toggle,l1_dcache_top.sv,94,refill_buf[7][31],memory_array_bit_toggle
toggle,l1_dcache_top.sv,96,req_addr_q[16],none
toggle,l1_dcache_top.sv,96,req_addr_q[17],none
toggle,l1_dcache_top.sv,96,req_addr_q[18],none
toggle,l1_dcache_top.sv,96,req_addr_q[19],none
toggle,l1_dcache_top.sv,96,req_addr_q[1],none
toggle,l1_dcache_top.sv,96,req_addr_q[20],none
toggle,l1_dcache_top.sv,96,req_addr_q[21],none
toggle,l1_dcache_top.sv,96,req_addr_q[22],none
toggle,l1_dcache_top.sv,96,req_addr_q[23],none
toggle,l1_dcache_top.sv,96,req_addr_q[24],none
toggle,l1_dcache_top.sv,96,req_addr_q[25],none
toggle,l1_dcache_top.sv,96,req_addr_q[26],none
toggle,l1_dcache_top.sv,96,req_addr_q[27],none
toggle,l1_dcache_top.sv,96,req_addr_q[28],none
toggle,l1_dcache_top.sv,96,req_addr_q[29],none
toggle,l1_dcache_top.sv,96,req_addr_q[30],none
toggle,l1_dcache_top.sv,96,req_addr_q[31],none
toggle,l1_dcache_top.sv,99,req_size_q[0],none
toggle,l1_dcache_top.sv,99,req_size_q[2],none
